Patient_id,First_name,Last_name,Date_of_birth,Gender,Contact_info,Address,Insurance_info,Medical_history
1,A,Arron,1990-03-01,M,555-1234,"123 Main St City",Aetna,"Persistent pain "
2,B,Barron,1985-02-14,F,555-5678,"456 Debby St City","Blue Cross","Allergy to penicillin"
3,C,Cane,1980-01-31,M,555-10122,"124 Main St City",Cigna,"Depression"
4,D,Diddy,1975-01-16,F,555-14566,"457 Debby St City",Aetna,"Diabetes"
5,E,Eel,1970-01-01,M,555-19010,"125 Main St City","Blue Cross","Sleep disturbances"
6,F,Fantacy,1964-12-17,F,555-23454,"458 Debby St City",Cigna,"migraines"
7,G,Gilbert,1959-12-03,M,555-27898,"126 Main St City",Aetna,"Joint pain"
8,H,Hamington,1954-11-18,F,555-32342,"459 Debby St City","Blue Cross","seizures"
9,I,Inner,1949-11-03,M,555-36786,"127 Main St City",Cigna,"None"
10,J,Jazz,1944-10-19,F,555-41230,"460 Debby St City",Aetna,"Heartburn "
11,K,King,1939-10-05,M,555-45674,"128 Main St City","Blue Cross","None"
12,L,Lemon,1934-09-20,F,555-50118,"461 Debby St City",Cigna,"Hormonal imbalances"
13,M,Mumu,2029-09-05,M,555-54562,"129 Main St City",Aetna,"seizures"
14,N,Nanny,2024-08-21,F,555-59006,"462 Debby St City","Blue Cross","migraines"
15,O,Oak,2019-08-07,M,555-63450,"130 Main St City",Cigna,"None"
16,P,Pan,2014-07-23,F,555-67894,"463 Debby St City",Aetna,"Muscle weakness"
17,Q,Queen,2009-07-08,M,555-72338,"131 Main St City","Blue Cross","migraines"
18,R,Ring,2004-06-23,F,555-76782,"464 Debby St City",Cigna,"Allergy to peanut"
19,S,Sunny,1990-03-01,M,555-81226,"132 Main St City",Aetna,"migraines"
20,T,Tata,1985-02-14,F,555-85670,"465 Debby St City","Blue Cross",Depression
